{"cameraMode":{"drawMode":0,"name":"Shaded","section":"Shading Mode"},"sceneLighting":true,"audioPlay":false,"sceneViewState":{"m_AlwaysRefresh":false,"showFog":true,"showSkybox":true,"showFlares":true,"showImageEffects":true,"showParticleSystems":true,"showVisualEffectGraphs":true,"m_FxEnabled":true},"in2DMode":false,"pivot":{"x":4.322479248046875,"y":6.605431079864502,"z":-0.8346226811408997},"rotation":{"x":0.07633405178785324,"y":-0.048736054450273517,"z":0.003735699923709035,"w":0.9958817958831787},"size":5.366025924682617,"orthographic":false}